{
    "heim" : "",
    "gast" : "",
      "e1b1" : {
      "spieler1" : { "name" : "", "legs" : 0, "shortlegs" : 0, "highfinishes" : 0, "i180er" : 0 },
      "spieler2" : { "name" : "", "legs" : 0, "shortlegs" : 0, "highfinishes" : 0, "i180er" : 0 } 
    },
    "e2b1" : {
      "spieler1" : { "name" : "", "legs" : 0, "shortlegs" : 0, "highfinishes" : 0, "i180er" : 0 },
      "spieler2" : { "name" : "", "legs" : 0, "shortlegs" : 0, "highfinishes" : 0, "i180er" : 0 } 
    },
    "e3b1" : {
      "spieler1" : { "name" : "", "legs" : 0, "shortlegs" : 0, "highfinishes" : 0, "i180er" : 0 },
      "spieler2" : { "name" : "", "legs" : 0, "shortlegs" : 0, "highfinishes" : 0, "i180er" : 0 } 
    },
    "e4b1" : {
      "spieler1" : { "name" : "", "legs" : 0, "shortlegs" : 0, "highfinishes" : 0, "i180er" : 0 },
      "spieler2" : { "name" : "", "legs" : 0, "shortlegs" : 0, "highfinishes" : 0, "i180er" : 0 } 
    },
    "d1b2" : {
      "paar1" : { 
        "legs" : 0,
        "shortlegs" : 0,
        "spieler1" : { "name" : "", "highfinishes" : 0, "i180er" : 0 },
        "spieler2" : { "name" : "", "highfinishes" : 0, "i180er" : 0 }
      },
      "paar2" : { 
        "legs" : 0,
        "shortlegs" : 0,
        "spieler1" : { "name" : "", "highfinishes" : 0, "i180er" : 0 },
        "spieler2" : { "name" : "", "highfinishes" : 0, "i180er" : 0 }
      }
    },
    "d2b2" : {
      "paar1" : { 
        "legs" : 0,
        "shortlegs" : 0,
        "spieler1" : { "name" : "", "highfinishes" : 0, "i180er" : 0 },
        "spieler2" : { "name" : "", "highfinishes" : 0, "i180er" : 0 }
      },
      "paar2" : { 
        "legs" : 0,
        "shortlegs" : 0,
        "spieler1" : { "name" : "", "highfinishes" : 0, "i180er" : 0 },
        "spieler2" : { "name" : "", "highfinishes" : 0, "i180er" : 0 }
      }
    },
    "e1b3" : {
      "spieler1" : { "name" : "", "legs" : 0, "shortlegs" : 0, "highfinishes" : 0, "i180er" : 0 },
      "spieler2" : { "name" : "", "legs" : 0, "shortlegs" : 0, "highfinishes" : 0, "i180er" : 0 } 
    },
    "e2b3" : {
      "spieler1" : { "name" : "", "legs" : 0, "shortlegs" : 0, "highfinishes" : 0, "i180er" : 0 },
      "spieler2" : { "name" : "", "legs" : 0, "shortlegs" : 0, "highfinishes" : 0, "i180er" : 0 }  
    },
    "e3b3" : {
      "spieler1" : { "name" : "", "legs" : 0, "shortlegs" : 0, "highfinishes" : 0, "i180er" : 0 },
      "spieler2" : { "name" : "", "legs" : 0, "shortlegs" : 0, "highfinishes" : 0, "i180er" : 0 } 
    },
    "e4b3" : {
      "spieler1" : { "name" : "", "legs" : 0, "shortlegs" : 0, "highfinishes" : 0, "i180er" : 0 },
      "spieler2" : { "name" : "", "legs" : 0, "shortlegs" : 0, "highfinishes" : 0, "i180er" : 0 } 
    },
    "d1b4" : {
      "paar1" : { 
        "legs" : 0,
        "shortlegs" : 0,
        "spieler1" : { "name" : "", "highfinishes" : 0, "i180er" : 0 },
        "spieler2" : { "name" : "", "highfinishes" : 0, "i180er" : 0 }
      },
      "paar2" : { 
        "legs" : 0,
        "shortlegs" : 0,
        "spieler1" : { "name" : "", "highfinishes" : 0, "i180er" : 0 },
        "spieler2" : { "name" : "", "highfinishes" : 0, "i180er" : 0 }
      }
    },
    "d2b4" : {
      "paar1" : { 
        "legs" : 0,
        "shortlegs" : 0,
        "spieler1" : { "name" : "", "highfinishes" : 0, "i180er" : 0 },
        "spieler2" : { "name" : "", "highfinishes" : 0, "i180er" : 0 }
      },
      "paar2" : { 
        "legs" : 0,
        "shortlegs" : 0,
        "spieler1" : { "name" : "", "highfinishes" : 0, "i180er" : 0 },
        "spieler2" : { "name" : "", "highfinishes" : 0, "i180er" : 0 }
      }
    }
}