{
	"RC4gQy4gVGFyYXhhY3VtYSBIdXR0ZW5oZWltIGUuIFYu": {
		"mitglieder": [
			{
				"name": "QWxiZWNrZXI=",
				"vorname": "SmVubnk=",
				"passnummer": "MTIyOTA="
			},
			{
				"name": "QmFydGg=",
				"vorname": "SG9sZ2Vy",
				"passnummer": "MTAwMzU="
			},
			{
				"name": "QmVja2Vy",
				"vorname": "RGFuaWVsYQ==",
				"passnummer": "MTAwNDk="
			},
			{
				"name": "QmVja2Vy",
				"vorname": "Sm9jaGVu",
				"passnummer": "MTAwNTA="
			},
			{
				"name": "QmVja2Vy",
				"vorname": "U3RlZmZlbg==",
				"passnummer": "MTAwNTI="
			},
			{
				"name": "QmVybmhhcmR0",
				"vorname": "Q2hyaXN0aWFu",
				"passnummer": "MTI1OTM="
			},
			{
				"name": "QmlsbG1hbm4=",
				"vorname": "VGhvcnN0ZW4=",
				"passnummer": "MTIzNjc="
			},
			{
				"name": "Q29jaG9u",
				"vorname": "Sm9z6Q==",
				"passnummer": "MTEzOTM="
			},
			{
				"name": "RGFtc29ucw==",
				"vorname": "RGlhbmE=",
				"passnummer": "MTE3Nzk="
			},
			{
				"name": "RWJuZXI=",
				"vorname": "TWljaGFlbA==",
				"passnummer": "MTAxNjk="
			},
			{
				"name": "RmxpY2tpbmdlcg==",
				"vorname": "Rmxvcmlhbg==",
				"passnummer": "MTE3NjE="
			},
			{
				"name": "RnJlaQ==",
				"vorname": "QW5kcmVhcw==",
				"passnummer": "MTI1ODA="
			},
			{
				"name": "R290dHdhbGQ=",
				"vorname": "TWFudWVsYQ==",
				"passnummer": "MTEyMTU="
			},
			{
				"name": "R3Jv3w==",
				"vorname": "Q2hyaXN0aW5h",
				"passnummer": "MTI1ODE="
			},
			{
				"name": "R3V0dGluZw==",
				"vorname": "TWljaGFlbA==",
				"passnummer": "MTAyNzQ="
			},
			{
				"name": "R3V0dGluZw==",
				"vorname": "UmFsZg==",
				"passnummer": "MTAyNzU="
			},
			{
				"name": "SGFobg==",
				"vorname": "QWxm",
				"passnummer": "MTE3MTQ="
			},
			{
				"name": "SGFobg==",
				"vorname": "VGhvbWFz",
				"passnummer": "MTAyOTA="
			},
			{
				"name": "SGVja2Vy",
				"vorname": "SvZyZw==",
				"passnummer": "MTIxMzg="
			},
			{
				"name": "SG9kb3JmZg==",
				"vorname": "VGFuamE=",
				"passnummer": "MTI0NzI="
			},
			{
				"name": "SG9mZm1hbm4=",
				"vorname": "RGFuaWVs",
				"passnummer": "MTIxMTM="
			},
			{
				"name": "SG90ZWw=",
				"vorname": "Sm9oYW5u",
				"passnummer": "MTAzNDc="
			},
			{
				"name": "SHVyc3Q=",
				"vorname": "TWlrZQ==",
				"passnummer": "MTAzNTU="
			},
			{
				"name": "SmFu32Vu",
				"vorname": "SG9sZ2Vy",
				"passnummer": "MTI0OTY="
			},
			{
				"name": "SmV3ZWxs",
				"vorname": "RGF2aWQ=",
				"passnummer": "MTI1NzU="
			},
			{
				"name": "S2FtbWVyZXI=",
				"vorname": "S2F5",
				"passnummer": "MTAzOTM="
			},
			{
				"name": "S2FydGFjaA==",
				"vorname": "SvZyZw==",
				"passnummer": "MTIxNzY="
			},
			{
				"name": "S2VpbGhhdWVy",
				"vorname": "QXJtaW4=",
				"passnummer": "MTE3MDM="
			},
			{
				"name": "S25lY2h0",
				"vorname": "RGlyaw==",
				"passnummer": "MTE5MDg="
			},
			{
				"name": "S25vYmxvY2g=",
				"vorname": "QW5kcmVhcw==",
				"passnummer": "MTIzNDY="
			},
			{
				"name": "TWF1bA==",
				"vorname": "TWljaGFlbA==",
				"passnummer": "MTI1NDE="
			},
			{
				"name": "TW9ocg==",
				"vorname": "SvxyZ2Vu",
				"passnummer": "MTA1NjY="
			},
			{
				"name": "UmljaGFyZA==",
				"vorname": "QW5kcmVh",
				"passnummer": "MTA2Nzg="
			},
			{
				"name": "UmljaGFyZA==",
				"vorname": "RGlldGVy",
				"passnummer": "MTA2Nzk="
			},
			{
				"name": "UmljaGFyZA==",
				"vorname": "VGlt",
				"passnummer": "MTA2ODA="
			},
			{
				"name": "UmllZGxl",
				"vorname": "SGVpbno=",
				"passnummer": "MTI1MDY="
			},
			{
				"name": "U2NoZXJlcg==",
				"vorname": "QW5kcmU=",
				"passnummer": "MTI1MTk="
			},
			{
				"name": "U2NobGljaHQ=",
				"vorname": "RGFuaWVs",
				"passnummer": "MTI0Mzg="
			},
			{
				"name": "U2NobWlkdA==",
				"vorname": "Sm9jaGVu",
				"passnummer": "MTExMTg="
			},
			{
				"name": "U2NobWlkdA==",
				"vorname": "VG9iaWFz",
				"passnummer": "MTA3MzU="
			},
			{
				"name": "U2NobWl0dGVja2VydA==",
				"vorname": "QmVybmQ=",
				"passnummer": "MTA3Mzg="
			},
			{
				"name": "U2NobWl0dGVja2VydA==",
				"vorname": "U2FzY2hh",
				"passnummer": "MTA3Mzk="
			},
			{
				"name": "U2Nod2VpemVy",
				"vorname": "SvxyZ2Vu",
				"passnummer": "MTExMzE="
			},
			{
				"name": "U2VpYmVydA==",
				"vorname": "VG9iaWFz",
				"passnummer": "MTA3ODI="
			},
			{
				"name": "U2VsaW5nYQ==",
				"vorname": "U3Zlbg==",
				"passnummer": "MTIyODE="
			},
			{
				"name": "U3BlY2h0",
				"vorname": "QW5kcmVhcw==",
				"passnummer": "MTA4MDA="
			},
			{
				"name": "U3Rhcms=",
				"vorname": "V2FsdGVy",
				"passnummer": "MTE1Njg="
			},
			{
				"name": "U3RlZmZlbg==",
				"vorname": "Q2Fyc3Rlbg==",
				"passnummer": "MTIyNzc="
			},
			{
				"name": "U3RlZ238bGxlcg==",
				"vorname": "UmFsZg==",
				"passnummer": "MTExMTY="
			},
			{
				"name": "U3RlaW5sZQ==",
				"vorname": "U3RlZmFu",
				"passnummer": "MTIxMzc="
			},
			{
				"name": "U3Rlcnppbmc=",
				"vorname": "RnJhbms=",
				"passnummer": "MTE0MTA="
			},
			{
				"name": "U3T2aHI=",
				"vorname": "Q2hyaXN0aWFu",
				"passnummer": "MTEwNDI="
			},
			{
				"name": "Vm9nbGVy",
				"vorname": "TWFya3Vz",
				"passnummer": "MTI0NzM="
			},
			{
				"name": "V2FlbGRpbg==",
				"vorname": "QW5kcmVhcw==",
				"passnummer": "MTA4ODg="
			},
			{
				"name": "V2FlbGRpbg==",
				"vorname": "U3RlcGhhbmll",
				"passnummer": "MTIxMDQ="
			},
			{
				"name": "V2VpY2s=",
				"vorname": "QW5kcmVhcw==",
				"passnummer": "MTE1Njk="
			},
			{
				"name": "V2VybGluZw==",
				"vorname": "T2xpdmVy",
				"passnummer": "MTE1Njc="
			},
			{
				"name": "V2VybmVy",
				"vorname": "QXJtaW4=",
				"passnummer": "MTA5MjI="
			},
			{
				"name": "V2VybmVy",
				"vorname": "SnV0dGE=",
				"passnummer": "MTA1NjI="
			},
			{
				"name": "V2llZ2VyaW5n",
				"vorname": "U3RlZmFu",
				"passnummer": "MTA5Mzk="
			},
			{
				"name": "V2lydGg=",
				"vorname": "QWxleGFuZGVy",
				"passnummer": "MTE3Nzg="
			}
		]
	},
	"REMgVW5kZXJ0YWtlciByZWxvYWRlZA==": {
		"mitglieder": [
			{
				"name": "QWxiZXJ0",
				"vorname": "VmFuZXNzYQ==",
				"passnummer": "MTIxMzQ="
			},
			{
				"name": "QWxicmVjaHQ=",
				"vorname": "Um9iZXJ0",
				"passnummer": "MTIxMjc="
			},
			{
				"name": "Qm9zcw==",
				"vorname": "RG9taW5paw==",
				"passnummer": "MTE1Mzc="
			},
			{
				"name": "Qm9zcw==",
				"vorname": "TWlrZQ==",
				"passnummer": "MTE1MzU="
			},
			{
				"name": "RW1iYWNo",
				"vorname": "TWFydGlu",
				"passnummer": "MTIzMzI="
			},
			{
				"name": "R3JldWxpY2g=",
				"vorname": "S29samE=",
				"passnummer": "MTE4MDY="
			},
			{
				"name": "SGFnbWFubg==",
				"vorname": "S2lt",
				"passnummer": "MTIzOTE="
			},
			{
				"name": "S25lYmVs",
				"vorname": "TWF0dGhpYXM=",
				"passnummer": "MTE2NDQ="
			},
			{
				"name": "S29zdA==",
				"vorname": "UGF0cmljaw==",
				"passnummer": "MTIzOTI="
			},
			{
				"name": "TWVja2xlbmJ1cmc=",
				"vorname": "VXdl",
				"passnummer": "MTE4MDc="
			},
			{
				"name": "UmFwdGlz",
				"vorname": "Tmlrb2xhb3M=",
				"passnummer": "MTE4MDg="
			},
			{
				"name": "U3RlaW5lcg==",
				"vorname": "VGhvbWFz",
				"passnummer": "MTIyNjA="
			},
			{
				"name": "U3RlbGxl",
				"vorname": "TWlrZQ==",
				"passnummer": "MTIyNjk="
			},
			{
				"name": "WmFuZw==",
				"vorname": "TG90aGFy",
				"passnummer": "MTIyNzA="
			}
		]
	},
	"REMgU3R1ZGVudGVuIEJlbGxoZWltIGUuIFYu": {
		"mitglieder": [
			{
				"name": "QWxleGFuZGVy",
				"vorname": "UGF0cmljaw==",
				"passnummer": "MTAwMDY="
			},
			{
				"name": "QuRocg==",
				"vorname": "Q2hyaXN0aWFu",
				"passnummer": "MTAxMTg="
			},
			{
				"name": "R2zk32dlbg==",
				"vorname": "QWxleGFuZGVy",
				"passnummer": "MTE1ODc="
			},
			{
				"name": "R3JlaWY=",
				"vorname": "WWFubmlr",
				"passnummer": "MTIzNjQ="
			},
			{
				"name": "S2F1ZmZtYW5u",
				"vorname": "Vm9sa2Vy",
				"passnummer": "MTIwNDE="
			},
			{
				"name": "S2xlaW4=",
				"vorname": "TWFyY28=",
				"passnummer": "MTA0MTc="
			},
			{
				"name": "S3L8YmVs",
				"vorname": "TWFyaW8=",
				"passnummer": "MTI1Nzc="
			},
			{
				"name": "S/ZobmxlaW4=",
				"vorname": "VGhvbWFz",
				"passnummer": "MTA0NzQ="
			},
			{
				"name": "TGVobWFubg==",
				"vorname": "UGV0ZXI=",
				"passnummer": "MTIxNDU="
			},
			{
				"name": "TWFsaW5vdnNraQ==",
				"vorname": "VGhvcnN0ZW4=",
				"passnummer": "MTA1MjQ="
			},
			{
				"name": "TWF0aGlz",
				"vorname": "RGVsYmVydA==",
				"passnummer": "MTE3ODA="
			},
			{
				"name": "TfxsbGVy",
				"vorname": "TWFya3Vz",
				"passnummer": "MTA1ODU="
			},
			{
				"name": "TmllZGVyZXI=",
				"vorname": "Sm9jaGVu",
				"passnummer": "MTIzNjM="
			},
			{
				"name": "UGVnZWxvdw==",
				"vorname": "TWFyY28=",
				"passnummer": "MTA1NTQ="
			},
			{
				"name": "U2NobWlkdA==",
				"vorname": "SGFydG11dA==",
				"passnummer": "MTA3MzQ="
			},
			{
				"name": "U3RlaW4=",
				"vorname": "Vm9sa2Vy",
				"passnummer": "MTA4MTk="
			},
			{
				"name": "VXR0aW5n",
				"vorname": "TWljaGFlbA==",
				"passnummer": "MTA4NzA="
			},
			{
				"name": "V2FsdGVy",
				"vorname": "Rmxvcmlhbg==",
				"passnummer": "MTE1Mzk="
			},
			{
				"name": "V2VnbWFubg==",
				"vorname": "U3RlZmFu",
				"passnummer": "MTEzODI="
			},
			{
				"name": "V2luZ2VydGVy",
				"vorname": "VGlubw==",
				"passnummer": "MTEzODM="
			}
		]
	},
	"RC5BLlIuVC4gUGx1bWJhdGEgZS4gVi4=": {
		"mitglieder": [
			{
				"name": "QWxwaW5v",
				"vorname": "RmFiaW8=",
				"passnummer": "MTIzNzQ="
			},
			{
				"name": "QXVnZW5zdGVpbg==",
				"vorname": "TWFyaXVz",
				"passnummer": "MTIxMDA="
			},
			{
				"name": "QmVybmluZ2Vy",
				"vorname": "SGFucw==",
				"passnummer": "MTI1MDg="
			},
			{
				"name": "Qm9yZG9sbw==",
				"vorname": "RWxpYXM=",
				"passnummer": "MTIzNTM="
			},
			{
				"name": "QnJhdW4=",
				"vorname": "UmVu6Q==",
				"passnummer": "MTE3OTU="
			},
			{
				"name": "SG9mbWFubg==",
				"vorname": "SmFu",
				"passnummer": "MTI1NTI="
			},
			{
				"name": "SPZnZXI=",
				"vorname": "SvZyZw==",
				"passnummer": "MTIzNDk="
			},
			{
				"name": "Sm91ZGk=",
				"vorname": "Sm9zZWY=",
				"passnummer": "MTExNDM="
			},
			{
				"name": "S2xlaW4=",
				"vorname": "UmFsZg==",
				"passnummer": "MTA0MTg="
			},
			{
				"name": "S2xvbWFubg==",
				"vorname": "TWVsYW5pZQ==",
				"passnummer": "MTIzNTQ="
			},
			{
				"name": "S/ZuaWc=",
				"vorname": "S2V2aW4=",
				"passnummer": "MTI1NzQ="
			},
			{
				"name": "TWFnZXI=",
				"vorname": "RmFiaWFu",
				"passnummer": "MTEzNjA="
			},
			{
				"name": "TWFnZXI=",
				"vorname": "SXZhbmth",
				"passnummer": "MTE3Mjc="
			},
			{
				"name": "TXVudHo=",
				"vorname": "SGFucyBQZXRlcg==",
				"passnummer": "MTA1NzQ="
			},
			{
				"name": "Um9oZGU=",
				"vorname": "VGhvbWFz",
				"passnummer": "MTIzMjk="
			},
			{
				"name": "QXVnZW5zdGVpbg==",
				"vorname": "Tm9yYmVydA==",
				"passnummer": "MTI2MDE="
			}
		]
	},
	"REMgODEgS2FybHNydWhl": {
		"mitglieder": [
			{
				"name": "QW5kZXJ0",
				"vorname": "SXJpcw==",
				"passnummer": "MTE4MDQ="
			},
			{
				"name": "QXJhY2k=",
				"vorname": "Q2loYW4=",
				"passnummer": "MTE4NTE="
			},
			{
				"name": "RGF1bQ==",
				"vorname": "SvxyZ2Vu",
				"passnummer": "MTAxNDQ="
			},
			{
				"name": "R2VnZW5oZWltZXI=",
				"vorname": "TWF0dGhpYXM=",
				"passnummer": "MTIyNTg="
			},
			{
				"name": "R2VocmxlaW4=",
				"vorname": "QW5nZWxv",
				"passnummer": "MTE2Njg="
			},
			{
				"name": "R/ZiZWw=",
				"vorname": "UmFsZg==",
				"passnummer": "MTE4MDU="
			},
			{
				"name": "SWxjaG1hbm4=",
				"vorname": "SG9yc3Q=",
				"passnummer": "MTIyNTk="
			},
			{
				"name": "TfxsbGVy",
				"vorname": "Qm9kbw==",
				"passnummer": "MTE1NTk="
			},
			{
				"name": "TfxsbGVy",
				"vorname": "TWFyY28=",
				"passnummer": "MTA1ODQ="
			},
			{
				"name": "TmV1aGF1cw==",
				"vorname": "TWFyaW8=",
				"passnummer": "MTI1MjI="
			},
			{
				"name": "UmVpbmlja2U=",
				"vorname": "U2lsdmlv",
				"passnummer": "MTIxNTI="
			}
		]
	},
	"REMgRmxhdGxpbmVycyBlLiBWLiBLYXJsc3J1aGU=": {
		"mitglieder": [
			{
				"name": "QW5zZWw=",
				"vorname": "SvxyZ2Vu",
				"passnummer": "MTExNjk="
			},
			{
				"name": "QmF1bWFubg==",
				"vorname": "Sm9obg==",
				"passnummer": "MTI1OTE="
			},
			{
				"name": "Qm9icnppaw==",
				"vorname": "QmVuamFtaW4=",
				"passnummer": "MTIzMTY="
			},
			{
				"name": "RmFicnk=",
				"vorname": "U3RlZmFu",
				"passnummer": "MTAxODg="
			},
			{
				"name": "R2FzdA==",
				"vorname": "QXJtaW4=",
				"passnummer": "MTEzNjc="
			},
			{
				"name": "R2VyaWtl",
				"vorname": "SWdvcg==",
				"passnummer": "MTIyODM="
			},
			{
				"name": "SGVjaw==",
				"vorname": "RGFuaWVs",
				"passnummer": "MTAzMDk="
			},
			{
				"name": "SG9mZm1hbm4=",
				"vorname": "TWFya3Vz",
				"passnummer": "MTAzMzI="
			},
			{
				"name": "SG9mZm1hbm4=",
				"vorname": "TWlrYQ==",
				"passnummer": "MTAzMzM="
			},
			{
				"name": "SG9mZm1hbm4=",
				"vorname": "TWlsZW5h",
				"passnummer": "MTAzMzQ="
			},
			{
				"name": "SORja2Vy",
				"vorname": "Tmljb2xl",
				"passnummer": "MTEyMzY="
			},
			{
				"name": "Sm9zdA==",
				"vorname": "VGhvcnN0ZW4=",
				"passnummer": "MTAzNzg="
			},
			{
				"name": "SvxyZ2Vu",
				"vorname": "U3RlZmFu",
				"passnummer": "MTAzODM="
			},
			{
				"name": "S2FtbWVybGFuZGVy",
				"vorname": "VG9iaWFz",
				"passnummer": "MTIwMjc="
			},
			{
				"name": "S2VsbG5lcg==",
				"vorname": "TWFya3Vz",
				"passnummer": "MTIzODE="
			},
			{
				"name": "S2V0dGVyZXI=",
				"vorname": "TWF0dGhpYXM=",
				"passnummer": "MTA0MDU="
			},
			{
				"name": "S2lyY2hlbmJhdWVy",
				"vorname": "Vm9sa2Vy",
				"passnummer": "MTA0MTU="
			},
			{
				"name": "S292YWM=",
				"vorname": "RHVqa28=",
				"passnummer": "MTE3MTU="
			},
			{
				"name": "S3JhdXNz",
				"vorname": "UGV0ZXI=",
				"passnummer": "MTE5MDY="
			},
			{
				"name": "S/ZuaWc=",
				"vorname": "VGltbw==",
				"passnummer": "MTE4NTQ="
			},
			{
				"name": "TG95",
				"vorname": "TWFyY2Vs",
				"passnummer": "MTE2Nzg="
			},
			{
				"name": "TWFyaWphbm92aWM=",
				"vorname": "Um9iZXJ0",
				"passnummer": "MTA1Mjk="
			},
			{
				"name": "TWV5ZXI=",
				"vorname": "VG9yc3Rlbg==",
				"passnummer": "MTA1NTY="
			},
			{
				"name": "TW9vZw==",
				"vorname": "WXZlcw==",
				"passnummer": "MTIyODU="
			},
			{
				"name": "TXXfZ251Zw==",
				"vorname": "VGhvcnN0ZW4=",
				"passnummer": "MTA1Nzg="
			},
			{
				"name": "TmVlcw==",
				"vorname": "VGhvbWFz",
				"passnummer": "MTA1OTU="
			},
			{
				"name": "TvzfbGU=",
				"vorname": "TWljaGFlbA==",
				"passnummer": "MTI0Mzc="
			},
			{
				"name": "UGloaQ==",
				"vorname": "RGVuaWVs",
				"passnummer": "MTEwNzc="
			},
			{
				"name": "UG9zdGxlcg==",
				"vorname": "S2V2aW4=",
				"passnummer": "MTIzMjA="
			},
			{
				"name": "UmF1bQ==",
				"vorname": "SW5nbw==",
				"passnummer": "MTIzMTE="
			},
			{
				"name": "Um9kcmlxdWV6",
				"vorname": "Sm9zZSBMdWlz",
				"passnummer": "MTIyODQ="
			},
			{
				"name": "Um9sbGVy",
				"vorname": "QW5qYQ==",
				"passnummer": "MTA2ODc="
			},
			{
				"name": "Um9sbGVy",
				"vorname": "RnJlZGR5",
				"passnummer": "MTA2ODg="
			},
			{
				"name": "Um9sbGVy",
				"vorname": "SmFubmlz",
				"passnummer": "MTA2ODk="
			},
			{
				"name": "Um9sbGVy",
				"vorname": "UGFzY2Fs",
				"passnummer": "MTA2OTA="
			},
			{
				"name": "UvZocmk=",
				"vorname": "VG9yc3Rlbg==",
				"passnummer": "MTIzMjI="
			},
			{
				"name": "UvZubmluZw==",
				"vorname": "U2ltb25l",
				"passnummer": "MTA3MDQ="
			},
			{
				"name": "UvZubmluZw==",
				"vorname": "VGhvbWFz",
				"passnummer": "MTA3MDU="
			},
			{
				"name": "U2Nob2Jlcg==",
				"vorname": "VGltbw==",
				"passnummer": "MTIzMTU="
			},
			{
				"name": "U2NodWg=",
				"vorname": "RnJhbms=",
				"passnummer": "MTI0MzY="
			},
			{
				"name": "U3BhdGhlbGY=",
				"vorname": "U3RlZmFu",
				"passnummer": "MTIzMTQ="
			}
		]
	},
	"RGFydHNwdWIgV2FsbGRvcmYgZS4gVi4=": {
		"mitglieder": [
			{
				"name": "QW5zZWw=",
				"vorname": "VmFuZXNzYQ==",
				"passnummer": "MTEwNDc="
			},
			{
				"name": "QW50eg==",
				"vorname": "S2V2aW4=",
				"passnummer": "MTE4NzY="
			},
			{
				"name": "QXlsbG9u",
				"vorname": "Sm9obg==",
				"passnummer": "MTAwMTk="
			},
			{
				"name": "QmFjaw==",
				"vorname": "Sm9zY2h1YWg=",
				"passnummer": "MTAwMjM="
			},
			{
				"name": "QmVja2Vy",
				"vorname": "SmVucy1EaWV0ZXI=",
				"passnummer": "MTIwMDA="
			},
			{
				"name": "QmVzcnV0c2No",
				"vorname": "UmFpbmVy",
				"passnummer": "MTAwNjg="
			},
			{
				"name": "Qm9ubg==",
				"vorname": "RG9taW5paw==",
				"passnummer": "MTE0NzQ="
			},
			{
				"name": "Qm9wcA==",
				"vorname": "Rmxvcmlhbg==",
				"passnummer": "MTAwOTE="
			},
			{
				"name": "QnVi",
				"vorname": "TGVpZi1Fcmlj",
				"passnummer": "MTIxMDY="
			},
			{
				"name": "Q2Fyb2xp",
				"vorname": "TWF0dGhpYXM=",
				"passnummer": "MTI1ODg="
			},
			{
				"name": "RWxicw==",
				"vorname": "QmVuamFtaW4=",
				"passnummer": "MTAxNzY="
			},
			{
				"name": "RmVnZXJ0",
				"vorname": "U2ltb25l",
				"passnummer": "MTIxOTE="
			},
			{
				"name": "R3Jv32UtU3RvbHRlbmJlcmc=",
				"vorname": "TWlrYSBBZHJpYW4=",
				"passnummer": "MTI1MTU="
			},
			{
				"name": "SGFhY2tl",
				"vorname": "Qmr2cm4=",
				"passnummer": "MTIxNzM="
			},
			{
				"name": "SG9ja2Vy",
				"vorname": "UGF0cmljaw==",
				"passnummer": "MTAzMjc="
			},
			{
				"name": "SG9mbWFu",
				"vorname": "RGlyaw==",
				"passnummer": "MTAzMzc="
			},
			{
				"name": "SPx0aGVy",
				"vorname": "U3RlZmFu",
				"passnummer": "MTAzNjE="
			},
			{
				"name": "SORmbmVy",
				"vorname": "Sm9oYW5uZXM=",
				"passnummer": "MTI1ODc="
			},
			{
				"name": "S2FyYWNhbg==",
				"vorname": "QmFyaXM=",
				"passnummer": "MTE0MjA="
			},
			{
				"name": "S2F0aWM=",
				"vorname": "Tmlrb2xh",
				"passnummer": "MTIxOTI="
			},
			{
				"name": "S2llc2Vy",
				"vorname": "Uml0YQ==",
				"passnummer": "MTA0MTA="
			},
			{
				"name": "S3JhZnQ=",
				"vorname": "Q2xhdWRpYQ==",
				"passnummer": "MTE2NjA="
			},
			{
				"name": "S/ZobGVy",
				"vorname": "U2FiaW5l",
				"passnummer": "MTA0MDI="
			},
			{
				"name": "TGluaw==",
				"vorname": "U3RlZmFu",
				"passnummer": "MTEwNDY="
			},
			{
				"name": "TPx0dGpvaGFubg==",
				"vorname": "U3RlcGhhbg==",
				"passnummer": "MTI1Njc="
			},
			{
				"name": "TWFzY2hlaw==",
				"vorname": "VXdl",
				"passnummer": "MTA1MzE="
			},
			{
				"name": "TWFzdA==",
				"vorname": "RnJhbms=",
				"passnummer": "MTA1MzM="
			},
			{
				"name": "TWF6dXI=",
				"vorname": "TWljaGFlbA==",
				"passnummer": "MTA1NDE="
			},
			{
				"name": "TWVocmVy",
				"vorname": "TWljaGFlbA==",
				"passnummer": "MTA1NDY="
			},
			{
				"name": "TW9o",
				"vorname": "QmVuamFtaW4=",
				"passnummer": "MTEwMjY="
			},
			{
				"name": "UGZhZmY=",
				"vorname": "SGFucw==",
				"passnummer": "MTA2MzU="
			},
			{
				"name": "U2NobmFiZWw=",
				"vorname": "TWFydGlu",
				"passnummer": "MTA3NDA="
			},
			{
				"name": "U2NodWx0ZQ==",
				"vorname": "TWFyY3Vz",
				"passnummer": "MTA3NDk="
			},
			{
				"name": "U3D2cmxl",
				"vorname": "U2FicmluYQ==",
				"passnummer": "MTA4MDc="
			},
			{
				"name": "U3Rhbmds",
				"vorname": "TWFudWVs",
				"passnummer": "MTExNjg="
			},
			{
				"name": "U3Rhbmds",
				"vorname": "VGhvbWFz",
				"passnummer": "MTA4MTE="
			},
			{
				"name": "U3RlaW4=",
				"vorname": "U2FzY2hh",
				"passnummer": "MTA4MTg="
			},
			{
				"name": "U3RvbHpl",
				"vorname": "UmFsZg==",
				"passnummer": "MTEwNzY="
			},
			{
				"name": "U3T8YnM=",
				"vorname": "TWljaGFlbA==",
				"passnummer": "MTA4MzU="
			},
			{
				"name": "U3Vsam92aWM=",
				"vorname": "TWVuc3Vy",
				"passnummer": "MTExNjA="
			},
			{
				"name": "V2VmZXJz",
				"vorname": "VGhvcnN0ZW4=",
				"passnummer": "MTA5MDc="
			},
			{
				"name": "V2VybGU=",
				"vorname": "U2ViYXN0aWFu",
				"passnummer": "MTE4OTU="
			},
			{
				"name": "V2l0dG1hbm4=",
				"vorname": "QmVydGhvbGQ=",
				"passnummer": "MTA5NDY="
			},
			{
				"name": "V3VzY2g=",
				"vorname": "U3RlZmFu",
				"passnummer": "MTEyNzY="
			},
			{
				"name": "WmltbWVybWFubg==",
				"vorname": "SvxyZ2Vu",
				"passnummer": "MTI1MDQ="
			}
		]
	},
	"R2VnZW4gZGllIERy/GNr": {
		"mitglieder": [
			{
				"name": "QW5zZWxtYW5u",
				"vorname": "VGlt",
				"passnummer": "MTIzMjg="
			},
			{
				"name": "QvxnZXI=",
				"vorname": "WmFmZXI=",
				"passnummer": "MTAxMTU="
			},
			{
				"name": "RHVyY2hob2x6",
				"vorname": "QmFzdGlhbg==",
				"passnummer": "MTE5ODQ="
			},
			{
				"name": "RmFja2VsbWFubg==",
				"vorname": "RnJhbms=",
				"passnummer": "MTI0ODQ="
			},
			{
				"name": "R2F3bGlr",
				"vorname": "UmFsZg==",
				"passnummer": "MTE2NDA="
			},
			{
				"name": "R3VuZA==",
				"vorname": "VGhvbWFz",
				"passnummer": "MTEwMzk="
			},
			{
				"name": "SOR1c2xlcg==",
				"vorname": "TWljaGFlbA==",
				"passnummer": "MTAzNjU="
			},
			{
				"name": "SmFueQ==",
				"vorname": "Q2hyaXN0aWFu",
				"passnummer": "MTI1MzE="
			},
			{
				"name": "TWFjaw==",
				"vorname": "UGF1bCBDdXJ0aXNz",
				"passnummer": "MTIyNDg="
			},
			{
				"name": "TWFyZ3JhZg==",
				"vorname": "TWF0dGhpYXM=",
				"passnummer": "MTA1Mjc="
			},
			{
				"name": "TW9ocg==",
				"vorname": "TWFya3Vz",
				"passnummer": "MTI0NDM="
			},
			{
				"name": "TW9ocg==",
				"vorname": "VG9iaWFz",
				"passnummer": "MTIzODM="
			},
			{
				"name": "TXVobg==",
				"vorname": "QW5kcuk=",
				"passnummer": "MTA1NzI="
			},
			{
				"name": "TXV0aA==",
				"vorname": "UvxkaWdlcg==",
				"passnummer": "MTA1NzY="
			},
			{
				"name": "T2JlcmFja2Vy",
				"vorname": "Q2hyaXN0aWFu",
				"passnummer": "MTE0ODE="
			},
			{
				"name": "U2NoaWVk",
				"vorname": "QW5kcmVhcw==",
				"passnummer": "MTE2NDM="
			},
			{
				"name": "U2tyenlwZWs=",
				"vorname": "SXdvbmE=",
				"passnummer": "MTI1MTY="
			},
			{
				"name": "U3RhY2hl",
				"vorname": "TWFudWVsYQ==",
				"passnummer": "MTEzMTE="
			},
			{
				"name": "VHJlaWJlcg==",
				"vorname": "SmFu",
				"passnummer": "MTE5ODM="
			},
			{
				"name": "V2FsdGhlcg==",
				"vorname": "S2F5",
				"passnummer": "MTEzNDI="
			},
			{
				"name": "V2l0dG1hbm4=",
				"vorname": "U3RlZmZlbg==",
				"passnummer": "MTIyMjQ="
			}
		]
	},
	"U0cgU3Rlcm4gR2FnZ2VuYXU=": {
		"mitglieder": [
			{
				"name": "QmFjaGU=",
				"vorname": "Sm9l",
				"passnummer": "MTE3MzE="
			},
			{
				"name": "QmVydHNjaA==",
				"vorname": "U3RlcGhhbg==",
				"passnummer": "MTIxMjU="
			},
			{
				"name": "RmxlaWc=",
				"vorname": "V2VybmVy",
				"passnummer": "MTE3MzQ="
			},
			{
				"name": "R2xlaXNsZQ==",
				"vorname": "TWljaGFlbA==",
				"passnummer": "MTE3Mjk="
			},
			{
				"name": "S29ocnQ=",
				"vorname": "Rmxvcmlhbg==",
				"passnummer": "MTI1NDI="
			},
			{
				"name": "S3JhZnQ=",
				"vorname": "VGhvbWFz",
				"passnummer": "MTIxODI="
			},
			{
				"name": "S3J6eXphbm93c2tp",
				"vorname": "THVrYXM=",
				"passnummer": "MTIzOTU="
			},
			{
				"name": "Tm93YWs=",
				"vorname": "THVrYXM=",
				"passnummer": "MTI1MzA="
			},
			{
				"name": "Tm93YWs=",
				"vorname": "TWFydGlu",
				"passnummer": "MTI1Mjk="
			},
			{
				"name": "UGZs/Gdlcg==",
				"vorname": "Sm9hY2hpbQ==",
				"passnummer": "MTE3MzA="
			},
			{
				"name": "UGx1dHRh",
				"vorname": "TWF0ZXVzeg==",
				"passnummer": "MTIwOTk="
			},
			{
				"name": "UGx1dHRh",
				"vorname": "UnlzemFyZA==",
				"passnummer": "MTIxNTE="
			},
			{
				"name": "UmVja3J1aG4=",
				"vorname": "Q2hyaXN0aWFu",
				"passnummer": "MTIyNTc="
			},
			{
				"name": "UvZja2Vs",
				"vorname": "U3Zlbg==",
				"passnummer": "MTIyNTY="
			},
			{
				"name": "U2Nob3JwcA==",
				"vorname": "Q2hyaXN0aWFu",
				"passnummer": "MTI1MjQ="
			},
			{
				"name": "V2Fseg==",
				"vorname": "RGF2aWQ=",
				"passnummer": "MTIzOTQ="
			}
		]
	},
	"VGVhbSBXaWxkZXIgTWFubg==": {
		"mitglieder": [
			{
				"name": "QmFjaGVydA==",
				"vorname": "U3RlZmZlbg==",
				"passnummer": "MTEzMTY="
			},
			{
				"name": "QmF1c3Q=",
				"vorname": "Q2hyaXN0aWFu",
				"passnummer": "MTE4MTQ="
			},
			{
				"name": "Qm9ndW1pbA==",
				"vorname": "SvZyZw==",
				"passnummer": "MTAwODU="
			},
			{
				"name": "QnVuaW5n",
				"vorname": "U3RlcGhhbmll",
				"passnummer": "MTE4MzU="
			},
			{
				"name": "RGEgU2lsdmFub3Zv",
				"vorname": "QW50b25pbw==",
				"passnummer": "MTIzMzQ="
			},
			{
				"name": "S/ZuaWctQnJ1Y2tlcg==",
				"vorname": "SvxyZ2Vu",
				"passnummer": "MTE4MTI="
			},
			{
				"name": "TGFtb3Ro",
				"vorname": "VXdl",
				"passnummer": "MTE0NjE="
			},
			{
				"name": "TWVobG1lcg==",
				"vorname": "QmVybmQ=",
				"passnummer": "MTIxMzI="
			},
			{
				"name": "TWljaGw=",
				"vorname": "Um9sZg==",
				"passnummer": "MTA1NjE="
			},
			{
				"name": "U2NoZWxs",
				"vorname": "VGhvbWFz",
				"passnummer": "MTA3MTk="
			},
			{
				"name": "U3BlaWdlcg==",
				"vorname": "SmFu",
				"passnummer": "MTIzNTI="
			},
			{
				"name": "VGhvbWE=",
				"vorname": "U3VzYW5uZQ==",
				"passnummer": "MTEzMTc="
			}
		]
	},
	"TW9tb7RzIEJpc3Rybw==": {
		"mitglieder": [
			{
				"name": "QmFyYWJhcw==",
				"vorname": "QXR0aWxh",
				"passnummer": "MTI1NDU="
			},
			{
				"name": "U2NoaWxiYWNo",
				"vorname": "RG9tZW5pYw==",
				"passnummer": "MTE0MDE="
			},
			{
				"name": "U2NoaWxiYWNo",
				"vorname": "U3RlZmFu",
				"passnummer": "MTEwMDI="
			}
		]
	},
	"REMgQmxhdSBXZWnfIEthcmxzcnVoZSBlLiBWLg==": {
		"mitglieder": [
			{
				"name": "QmFybnN0ZWR0",
				"vorname": "V29sZnJhbQ==",
				"passnummer": "MTAwMzM="
			},
			{
				"name": "Q29vZ2Fu",
				"vorname": "RmVyZ2hhbA==",
				"passnummer": "MTIzNTA="
			},
			{
				"name": "RGUgQm9ydG9saQ==",
				"vorname": "VWRv",
				"passnummer": "MTAxNDg="
			},
			{
				"name": "R/Z0emVsbWFubg==",
				"vorname": "VG9iaWFz",
				"passnummer": "MTIzNjk="
			},
			{
				"name": "SG9sd2Vjaw==",
				"vorname": "SvxyZ2Vu",
				"passnummer": "MTI1OTY="
			},
			{
				"name": "Sm9jaw==",
				"vorname": "QmVybnQ=",
				"passnummer": "MTAzNzc="
			},
			{
				"name": "T2hlaW0=",
				"vorname": "SG9yc3QgVy4=",
				"passnummer": "MTA2MTM="
			},
			{
				"name": "UGFobGtl",
				"vorname": "U3RlZmFu",
				"passnummer": "MTIzMDg="
			}
		]
	},
	"REMgTGFvbGEgV2VpbmhlaW0=": {
		"mitglieder": [
			{
				"name": "QmF1bQ==",
				"vorname": "QW5uaWth",
				"passnummer": "MTI0Mzk="
			},
			{
				"name": "RGVtaXJlbA==",
				"vorname": "QWxp",
				"passnummer": "MTI0NTg="
			},
			{
				"name": "SGF1Y2s=",
				"vorname": "UmFpbmVy",
				"passnummer": "MTI0NDA="
			},
			{
				"name": "SG93ZQ==",
				"vorname": "U2ltb25l",
				"passnummer": "MTEzOTE="
			},
			{
				"name": "SHVuZHNoYW1tZXI=",
				"vorname": "RnJhbms=",
				"passnummer": "MTI0NDE="
			},
			{
				"name": "S3JpZWdlcg==",
				"vorname": "U3RlZmFu",
				"passnummer": "MTEzNDA="
			},
			{
				"name": "UmF1c2NoZXI=",
				"vorname": "TWljaGFlbA==",
				"passnummer": "MTE3Mzg="
			},
			{
				"name": "V2FsdGhlcg==",
				"vorname": "RGFuaWVs",
				"passnummer": "MTEzMzg="
			}
		]
	},
	"VGhlIEZseWluZyBEYXJ0c21lbg==": {
		"mitglieder": [
			{
				"name": "QmF5ZXI=",
				"vorname": "RnJpZWRyaWNo",
				"passnummer": "MTIzNTc="
			},
			{
				"name": "QmF5ZXI=",
				"vorname": "UmVpbmhvbGQ=",
				"passnummer": "MTIzNTY="
			},
			{
				"name": "SG9semhhdWVy",
				"vorname": "TWljaGFlbA==",
				"passnummer": "MTIzNTg="
			}
		]
	},
	"RGFydCBLbmlnaHRz": {
		"mitglieder": [
			{
				"name": "QmVjaHRvbGQ=",
				"vorname": "SmVubmlmZXI=",
				"passnummer": "MTI1MTI="
			},
			{
				"name": "R3Jv32U=",
				"vorname": "SmFuLVBldGVy",
				"passnummer": "MTIzODY="
			},
			{
				"name": "SG9kYXBw",
				"vorname": "U3Zlbg==",
				"passnummer": "MTI1MTE="
			},
			{
				"name": "S2xvb3M=",
				"vorname": "Q2hyaXN0aWFu",
				"passnummer": "MTIyNzU="
			},
			{
				"name": "TWVpZXI=",
				"vorname": "SnVsaWFu",
				"passnummer": "MTIyODA="
			},
			{
				"name": "TmllZGljaw==",
				"vorname": "Q2hyaXN0aWFu",
				"passnummer": "MTIwNjM="
			},
			{
				"name": "U3BlbmdsZXI=",
				"vorname": "TWFyaXVz",
				"passnummer": "MTEwNzU="
			},
			{
				"name": "VmFuZGVuaGVydHo=",
				"vorname": "SmVucw==",
				"passnummer": "MTIyNzY="
			},
			{
				"name": "V/Zsaw==",
				"vorname": "TWFyaW8=",
				"passnummer": "MTE2NjU="
			}
		]
	},
	"REMgVW5kZXJncm91bmQgRm9vbLRzIGUuIFYu": {
		"mitglieder": [
			{
				"name": "QmVzZXNlaw==",
				"vorname": "Q2hyaXN0aWFu",
				"passnummer": "MTI0MzE="
			},
			{
				"name": "Q2FudGFubmE=",
				"vorname": "R3Vpc2VwcGU=",
				"passnummer": "MTI0MzA="
			},
			{
				"name": "RmllZGxlcg==",
				"vorname": "U3Zlbg==",
				"passnummer": "MTIzMDA="
			},
			{
				"name": "RnJ1aG5lcg==",
				"vorname": "SGVpa28=",
				"passnummer": "MTE5NjM="
			},
			{
				"name": "R290dG1hbm4=",
				"vorname": "S2F5",
				"passnummer": "MTI0Mjk="
			},
			{
				"name": "S2FtbWVyZXI=",
				"vorname": "TWlndWVs",
				"passnummer": "MTI0MzI="
			},
			{
				"name": "Um90aA==",
				"vorname": "VXJiYW4=",
				"passnummer": "MTA2OTU="
			},
			{
				"name": "Vm9nZ2VucmVpdGVy",
				"vorname": "UmFsZg==",
				"passnummer": "MTE4NzA="
			}
		]
	},
	"REMgU2hhbXJvY2s=": {
		"mitglieder": [
			{
				"name": "QmlzY2hvZmY=",
				"vorname": "QmVuamFtaW4=",
				"passnummer": "MTE1Mzg="
			},
			{
				"name": "RHVyaW5n",
				"vorname": "QW5kcmVhcw==",
				"passnummer": "MTIzNjA="
			},
			{
				"name": "RXNwaWc=",
				"vorname": "VG9uaQ==",
				"passnummer": "MTE3NjY="
			},
			{
				"name": "SGlsbGVuYnJhbmQ=",
				"vorname": "Q2hyaXN0aWFu",
				"passnummer": "MTE4NjY="
			},
			{
				"name": "SG9mZm1hbm4=",
				"vorname": "SmFzbWlu",
				"passnummer": "MTE4Njc="
			},
			{
				"name": "S3Vobg==",
				"vorname": "QWxleGFuZGVy",
				"passnummer": "MTE1MzQ="
			},
			{
				"name": "TnVzY2hueQ==",
				"vorname": "RXVnZW4=",
				"passnummer": "MTI1MDk="
			},
			{
				"name": "UHVqaWM=",
				"vorname": "TWF0dGhpYXM=",
				"passnummer": "MTE1ODI="
			},
			{
				"name": "U2NobGljaHQ=",
				"vorname": "V2VybmVy",
				"passnummer": "MTI0ODk="
			},
			{
				"name": "U3RhbnNjaA==",
				"vorname": "VG9iaWFz",
				"passnummer": "MTE4OTY="
			},
			{
				"name": "V2FnbmVy",
				"vorname": "TWljaGFlbA==",
				"passnummer": "MTIyNzI="
			}
		]
	},
	"REMgSGFyZCBMaWZlIGUuIFYu": {
		"mitglieder": [
			{
				"name": "Qm9jaw==",
				"vorname": "QW5kcmU=",
				"passnummer": "MTIzNzg="
			},
			{
				"name": "RGUgRmxhY28=",
				"vorname": "RGFyaW8=",
				"passnummer": "MTI0Nzc="
			},
			{
				"name": "R3Jv321hbm4=",
				"vorname": "QmVuamFtaW4=",
				"passnummer": "MTIyNTU="
			},
			{
				"name": "R3L2c2NobA==",
				"vorname": "VGltbw==",
				"passnummer": "MTE4Njk="
			},
			{
				"name": "SGFuemw=",
				"vorname": "TWFyY3Vz",
				"passnummer": "MTI0NzY="
			},
			{
				"name": "SWxnZXJ0",
				"vorname": "VGhvbWFz",
				"passnummer": "MTI0NzQ="
			},
			{
				"name": "S2VsbGVy",
				"vorname": "SmVubmlmZXI=",
				"passnummer": "MTIxMTY="
			},
			{
				"name": "S29yYm1hbm4=",
				"vorname": "Um9iaW4=",
				"passnummer": "MTI1MTA="
			},
			{
				"name": "S29zZXI=",
				"vorname": "UGF0cmljaw==",
				"passnummer": "MTIzMDk="
			},
			{
				"name": "TWFpc2No",
				"vorname": "TWljaGFlbA==",
				"passnummer": "MTI0NzU="
			},
			{
				"name": "Tm90bw==",
				"vorname": "RGFuaWVs",
				"passnummer": "MTIzNzc="
			},
			{
				"name": "UHJvY2hhc2th",
				"vorname": "TWFuZnJlZA==",
				"passnummer": "MTIxNDA="
			},
			{
				"name": "U2NobmVpZGVy",
				"vorname": "U2FzY2hh",
				"passnummer": "MTIxMjM="
			},
			{
				"name": "U2NodWx0ZQ==",
				"vorname": "SmFtYWw=",
				"passnummer": "MTI0OTk="
			},
			{
				"name": "U2NodWx0ZQ==",
				"vorname": "Tm9yYmVydA==",
				"passnummer": "MTE5NjE="
			},
			{
				"name": "U3dpbmFyc2tp",
				"vorname": "T2xhZg==",
				"passnummer": "MTE5NTk="
			}
		]
	},
	"REMgTGV0c2NoZWJhY2g=": {
		"mitglieder": [
			{
				"name": "QnL2bXNlcg==",
				"vorname": "VXdl",
				"passnummer": "MTE2ODY="
			},
			{
				"name": "R2ViaGFyZHQ=",
				"vorname": "TWljaGFlbA==",
				"passnummer": "MTE1NjQ="
			},
			{
				"name": "SGFhY2s=",
				"vorname": "R/xudGVy",
				"passnummer": "MTAyODM="
			},
			{
				"name": "SGFsbGVy",
				"vorname": "TWFudWVs",
				"passnummer": "MTI1NjA="
			},
			{
				"name": "SGVjaw==",
				"vorname": "TWljaGFlbA==",
				"passnummer": "MTE2MzM="
			},
			{
				"name": "S3VuemVuYmFjaGVy",
				"vorname": "Q2xhdXM=",
				"passnummer": "MTE2NTE="
			},
			{
				"name": "TG9vY2s=",
				"vorname": "UmljaGFyZA==",
				"passnummer": "MTI1NTk="
			},
			{
				"name": "TWVpZXI=",
				"vorname": "TWljaGFlbA==",
				"passnummer": "MTE5ODk="
			},
			{
				"name": "Um9hIFdlaXNlbmJlY2s=",
				"vorname": "TWFya3Vz",
				"passnummer": "MTE1NjM="
			},
			{
				"name": "1npjYW4=",
				"vorname": "U2VydmV0",
				"passnummer": "MTE3MjQ="
			}
		]
	},
	"RGFydFRyYWluIFJhc3RhdHQ=": {
		"mitglieder": [
			{
				"name": "QnVya2FydA==",
				"vorname": "Q2hyaXN0aWFu",
				"passnummer": "MTAxMDg="
			},
			{
				"name": "RnJpdHo=",
				"vorname": "SmVubnk=",
				"passnummer": "MTAyMTQ="
			},
			{
				"name": "SGFuZGtl",
				"vorname": "SmVucw==",
				"passnummer": "MTE2OTk="
			},
			{
				"name": "SGVsbGdvdGg=",
				"vorname": "TWFydGlu",
				"passnummer": "MTAzMTM="
			},
			{
				"name": "S2lsZ291cg==",
				"vorname": "RGF2ZQ==",
				"passnummer": "MTEzNjg="
			},
			{
				"name": "S272Ymw=",
				"vorname": "R2VyZA==",
				"passnummer": "MTEwNzM="
			},
			{
				"name": "UGhpbGlwcA==",
				"vorname": "RGlldGVy",
				"passnummer": "MTA2Mzk="
			},
			{
				"name": "UmVkd2Fueg==",
				"vorname": "S2xhdXM=",
				"passnummer": "MTA2NjY="
			}
		]
	},
	"RnJleWdlcmJlciBGaWdodGVycw==": {
		"mitglieder": [
			{
				"name": "QnVzY2g=",
				"vorname": "THVjYXM=",
				"passnummer": "MTI0Njg="
			},
			{
				"name": "R2FhYg==",
				"vorname": "U2FzY2hh",
				"passnummer": "MTI0NzA="
			},
			{
				"name": "SGFsdG1heWVy",
				"vorname": "U3Zlbg==",
				"passnummer": "MTI0NzE="
			},
			{
				"name": "SuRocmxpbmc=",
				"vorname": "SGFucw==",
				"passnummer": "MTAzODU="
			},
			{
				"name": "S2VjaGxlcg==",
				"vorname": "Um9iaW4=",
				"passnummer": "MTI0Njk="
			},
			{
				"name": "TWFzdGFmYW91aQ==",
				"vorname": "S2FyaW0=",
				"passnummer": "MTI1MTc="
			},
			{
				"name": "TXVzdGFmYW91aQ==",
				"vorname": "QmFzdGlhbg==",
				"passnummer": "MTI0OTI="
			},
			{
				"name": "UmVubmVy",
				"vorname": "TWFya3Vz",
				"passnummer": "MTE1ODY="
			},
			{
				"name": "U2F1dGhlcg==",
				"vorname": "VGhvbWFz",
				"passnummer": "MTE4MzA="
			},
			{
				"name": "U2NobGVwcGk=",
				"vorname": "S2xhdXM=",
				"passnummer": "MTI0Njc="
			},
			{
				"name": "VGhlb2JhbGQ=",
				"vorname": "Q2hyaXN0b2Y=",
				"passnummer": "MTI0OTM="
			},
			{
				"name": "VGhpZXM=",
				"vorname": "QmFzdGk=",
				"passnummer": "MTI0NjY="
			},
			{
				"name": "VGhpZXM=",
				"vorname": "U3RlZmFu",
				"passnummer": "MTI1MjE="
			},
			{
				"name": "V2FnbmVy",
				"vorname": "UGF0cmljaw==",
				"passnummer": "MTI1NzY="
			}
		]
	},
	"QkRDIEJyZWFrZXJz": {
		"mitglieder": [
			{
				"name": "RGF1dGg=",
				"vorname": "QmVuamFtaW4=",
				"passnummer": "MTE5Nzg="
			},
			{
				"name": "S2llbWVz",
				"vorname": "S2Fp",
				"passnummer": "MTE5NzU="
			},
			{
				"name": "THV0eg==",
				"vorname": "SGFyYWxk",
				"passnummer": "MTE5Nzc="
			},
			{
				"name": "U2F1dGVy",
				"vorname": "QXhlbA==",
				"passnummer": "MTE5NzM="
			},
			{
				"name": "U3RpZXNz",
				"vorname": "U3RlZmZlbg==",
				"passnummer": "MTE5NzY="
			}
		]
	},
	"QmxhY2sgS25pZ2h0cyBI9nJkdA==": {
		"mitglieder": [
			{
				"name": "RGV1dHNjaA==",
				"vorname": "TWFudWVs",
				"passnummer": "MTIyNDU="
			},
			{
				"name": "RmlzY2hlcg==",
				"vorname": "VGhvcnN0ZW4=",
				"passnummer": "MTIyMzQ="
			},
			{
				"name": "S2FzaWtjaQ==",
				"vorname": "U2Vub2w=",
				"passnummer": "MTIyMzk="
			},
			{
				"name": "S2ll32Vy",
				"vorname": "UGFzY2Fs",
				"passnummer": "MTI1NTQ="
			},
			{
				"name": "S29jaGVuZPZyZmVy",
				"vorname": "QW5kcmVhcw==",
				"passnummer": "MTE5MjA="
			},
			{
				"name": "S29jaGVuZPZyZmVy",
				"vorname": "Q2hyaXN0aWFu",
				"passnummer": "MTE5MjE="
			},
			{
				"name": "S29zdA==",
				"vorname": "TWljaGFlbA==",
				"passnummer": "MTIyNDA="
			},
			{
				"name": "TWFnaW4=",
				"vorname": "U2FzY2hh",
				"passnummer": "MTIyNDM="
			},
			{
				"name": "TWVpc2Vs",
				"vorname": "QW5keQ==",
				"passnummer": "MTIyNDQ="
			},
			{
				"name": "TXVobA==",
				"vorname": "SmVucw==",
				"passnummer": "MTIyMzM="
			},
			{
				"name": "TXV0aWM=",
				"vorname": "Q2hyaXN0aWFu",
				"passnummer": "MTIyMzU="
			},
			{
				"name": "UGZpcnJtYW5u",
				"vorname": "QW5kcmU=",
				"passnummer": "MTIyNDc="
			},
			{
				"name": "U2NoYW56",
				"vorname": "QWxiZXJ0",
				"passnummer": "MTEzODk="
			},
			{
				"name": "V2V0emVs",
				"vorname": "VXdl",
				"passnummer": "MTIyNDE="
			},
			{
				"name": "V29sZmY=",
				"vorname": "TWFyY3Vz",
				"passnummer": "MTIyNDY="
			}
		]
	},
	"REMgUmVpdGVyc3T8YmxlIEVwcGluZ2Vu": {
		"mitglieder": [
			{
				"name": "RPxtZXI=",
				"vorname": "T2xpdmVy",
				"passnummer": "MTIzOTY="
			},
			{
				"name": "RmlzY2hlcg==",
				"vorname": "TWFyaW8gTWFydGlu",
				"passnummer": "MTE4MzM="
			},
			{
				"name": "RmxlaXNjaG1hbm4=",
				"vorname": "Tm9yYmVydA==",
				"passnummer": "MTAyMDM="
			},
			{
				"name": "R+RydG5lcg==",
				"vorname": "TWFyY2Vs",
				"passnummer": "MTE1ODE="
			},
			{
				"name": "TGVobmVyZXI=",
				"vorname": "SvZyZw==",
				"passnummer": "MTI0MDA="
			},
			{
				"name": "TGV3ZXR6a3k=",
				"vorname": "TGlsbHk=",
				"passnummer": "MTIzOTg="
			},
			{
				"name": "UmhvZGU=",
				"vorname": "TWljaGFlbA==",
				"passnummer": "MTI0MDE="
			},
			{
				"name": "U2NoZXloaW5n",
				"vorname": "T2xpdmVy",
				"passnummer": "MTE0ODA="
			},
			{
				"name": "U2Nob2x6",
				"vorname": "RGlyaw==",
				"passnummer": "MTI0OTQ="
			},
			{
				"name": "VW50ZXJodWJlcg==",
				"vorname": "S2V2aW4=",
				"passnummer": "MTIzOTk="
			},
			{
				"name": "V2FiYmVs",
				"vorname": "VGhvbWFz",
				"passnummer": "MTIzOTc="
			}
		]
	},
	"MS4gREMgSG9ja2VuaGVpbSBKb2tlcnMgZS5WLg==": {
		"mitglieder": [
			{
				"name": "Rvx0dGVyZXI=",
				"vorname": "RGlyaw==",
				"passnummer": "MTAyMjI="
			},
			{
				"name": "Rvx0dGVyZXI=",
				"vorname": "TWFya3Vz",
				"passnummer": "MTAyMjM="
			},
			{
				"name": "SGFuc2t5",
				"vorname": "Q2hyaXN0aWFu",
				"passnummer": "MTAyOTY="
			},
			{
				"name": "SHViZXI=",
				"vorname": "TWFydGlu",
				"passnummer": "MTAzNTA="
			},
			{
				"name": "U3RldHRlcg==",
				"vorname": "Q2hyaXN0aWFu",
				"passnummer": "MTE0NTY="
			},
			{
				"name": "V2VpbWFy",
				"vorname": "U3RlZmFu",
				"passnummer": "MTE1NjA="
			},
			{
				"name": "V2VybmVy",
				"vorname": "UGF0cmljaw==",
				"passnummer": "MTA5MjQ="
			}
		]
	},
	"REMgRWwgRGlhYmxv": {
		"mitglieder": [
			{
				"name": "R3JlYmVydA==",
				"vorname": "Q2hyaXN0aWFu",
				"passnummer": "MTIxNzE="
			},
			{
				"name": "SGF1ZW5zdGVpbg==",
				"vorname": "TWljaGFlbA==",
				"passnummer": "MTIzOTM="
			},
			{
				"name": "TGFnYXRpZQ==",
				"vorname": "TWFyY2Vs",
				"passnummer": "MTI1NzE="
			},
			{
				"name": "TfxsbGVy",
				"vorname": "THVrYXM=",
				"passnummer": "MTIxMjY="
			},
			{
				"name": "UmVlYg==",
				"vorname": "Um9tYW4=",
				"passnummer": "MTI0ODc="
			},
			{
				"name": "U2NoYWFm",
				"vorname": "U2ViYXN0aWFu",
				"passnummer": "MTE3Nzc="
			},
			{
				"name": "U2NoYWRl",
				"vorname": "Q2hyaXN0aWFu",
				"passnummer": "MTE3NzU="
			},
			{
				"name": "U/xsemxl",
				"vorname": "SvxyZ2Vu",
				"passnummer": "MTIxODE="
			}
		]
	},
	"QWxsYSBI5GVlZWVociBQZm9yemhlaW0=": {
		"mitglieder": [
			{
				"name": "SGVyeg==",
				"vorname": "Vml0YWxp",
				"passnummer": "MTIzNzk="
			},
			{
				"name": "SG9wcGU=",
				"vorname": "SGFyYWxk",
				"passnummer": "MTEzNDc="
			},
			{
				"name": "SPZsemxl",
				"vorname": "S2Fp",
				"passnummer": "MTI1Nzg="
			},
			{
				"name": "SPZsemxl",
				"vorname": "TWFpaw==",
				"passnummer": "MTI1Nzk="
			},
			{
				"name": "S3VuemU=",
				"vorname": "U2ViYXN0aWFu",
				"passnummer": "MTEzNDg="
			},
			{
				"name": "TGFtaXRzY2hrYQ==",
				"vorname": "TWljaGFlbA==",
				"passnummer": "MTI1MDA="
			},
			{
				"name": "U2F1ZXI=",
				"vorname": "TGVv",
				"passnummer": "MTEzOTc="
			},
			{
				"name": "U2NobWlkdA==",
				"vorname": "QWxleGFuZGVy",
				"passnummer": "MTEzNDk="
			},
			{
				"name": "U3RhdWRl",
				"vorname": "Q2hyaXN0b3Bo",
				"passnummer": "MTIzMjU="
			}
		]
	}
}
